{
    "credit": "Made with Blockbench",
    "texture_size": [64, 64],
    "textures": {
        "0": "legendmod:items/legend_shield"
    },
    "elements": [
        {
            "name": "shield",
            "from": [7, 8, 3],
            "to": [9, 14, 9],
            "faces": {
                "north": {"uv": [8, 1.5, 8.5, 3], "texture": "#0"},
                "east": {"uv": [6.5, 1.5, 8, 3], "texture": "#0"},
                "south": {"uv": [10, 1.5, 10.5, 3], "texture": "#0"},
                "west": {"uv": [8.5, 1.5, 10, 3], "texture": "#0"},
                "up": {"uv": [8.5, 1.5, 8, 0], "texture": "#0"},
                "down": {"uv": [9, 0, 8.5, 1.5], "texture": "#0"}
            }
        },
        {
            "name": "shield",
            "from": [2, 0, 9],
            "to": [14, 22, 10],
            "faces": {
                "north": {"uv": [3.5, 0.25, 6.5, 5.75], "texture": "#0"},
                "east": {"uv": [0, 0.25, 0.25, 5.75], "texture": "#0"},
                "south": {"uv": [0.25, 0.25, 3.25, 5.75], "texture": "#0"},
                "west": {"uv": [3.25, 0.25, 3.5, 5.75], "texture": "#0"},
                "up": {"uv": [3.25, 0.25, 0.25, 0], "texture": "#0"},
                "down": {"uv": [6.25, 0, 3.25, 0.25], "texture": "#0"}
            }
        }
    ],
    "display": {
        "thirdperson_righthand": {
            "rotation": [0, 90, 0],
            "translation": [2, -3, 3]
        },
        "thirdperson_lefthand": {
            "rotation": [0, 90, 0],
            "translation": [2, -3, 3]
        },
        "firstperson_righthand": {
            "rotation": [0, -180, 5],
            "translation": [-2.5, -8, 6]
        },
        "firstperson_lefthand": {
            "rotation": [0, 180, 5],
            "translation": [-2, -11.5, 6],
            "scale": [1.25, 1.25, 1.25]
        },
        "ground": {
            "translation": [0, 5, 0],
            "scale": [0.5, 0.5, 0.5]
        },
        "gui": {
            "rotation": [15, -25, -5],
            "translation": [0.5, -1.5, 0],
            "scale": [0.6, 0.6, 0.6]
        },
        "fixed": {
            "rotation": [0, 180, 0],
            "translation": [0, 0, -2]
        }
    },
    "groups": [
        {
            "name": "shield",
            "origin": [0, 11, 1],
            "color": 0,
            "children": [0, 1]
        }
    ],
    "overrides": [
        {
            "predicate": {
                "blocking": 1
            },
            "model": "legendmod:item/legend_shield_blocking"
        }
    ]
}