{
  "variants": {
    "facing=north,lit=false":  { "model": "legendmod:block/diamond_furnace" },
    "facing=east,lit=false":   { "model": "legendmod:block/diamond_furnace", "y": 90 },
    "facing=south,lit=false":   { "model": "legendmod:block/diamond_furnace", "y": 180 },
    "facing=west,lit=false":   { "model": "legendmod:block/diamond_furnace", "y": 270 },

    "facing=north,lit=true":  { "model": "legendmod:block/lit_diamond_furnace" },
    "facing=east,lit=true":   { "model": "legendmod:block/lit_diamond_furnace", "y": 90 },
    "facing=south,lit=true":   { "model": "legendmod:block/lit_diamond_furnace", "y": 180 },
    "facing=west,lit=true":   { "model": "legendmod:block/lit_diamond_furnace", "y": 270 }
  }
}